AngelTOliver@rhyta.com,Mainquesed1996,Eenge5av1dei
JuneZHall@dayrep.com,Hantic81,Iv5chooh2
KathyBArbour@jourrapide.com,Withad,heiluiB5e
RobertAArevalo@armyspy.com,Bonly1946,cibiJei6b
PatrickEPadilla@rhyta.com,Nores1985,DooPi7Oh
RobertSBoris@gustr.com,Sailse,KouNai1Zi
SusieVRiojas@fleckens.hu,Vered1952,Hoiwunu8Oh
ChrisDBonilla@armyspy.com,Pilthand,foob0Aiph0sh
PatsyJTafoya@dayrep.com,Hicar1957,ahgee4Zeda
MarilynARandall@einrot.com,Goome1961,eip4AeHoh
DouglasKMcCune@fleckens.hu,Haremanse,Age6xigh4
EugeneNOsgood@cuvox.de,Esombeed43,aeN3Shua
JamesALivengood@einrot.com,Lifivend1934,aYix9ael8
RobertREldridge@gustr.com,Beastance,Icaeth2osh
JessicaMChapell@fleckens.hu,Awaid1978,Thatee5ahree
ErinJBarnes@rhyta.com,Thicas,tei0eeGeTie
DeannaMMoore@einrot.com,Hinig1992,Uog3aim5fei
LeonTSmith@gustr.com,Skeethe,Iexo5mici
DavidCHawks@einrot.com,Frim1974,eigooNge0iqu
GabrielSHudock@jourrapide.com,Maxuld,ieth9iiZei
JamesJBowley@superrito.com,Coly1956,Poo2iekoojae
JoseSHollis@superrito.com,Frouleem,shei7geeF7
JohnLGrady@superrito.com,Begaid,Wah5aiphai
KathyHFrank@teleworm.us,Replads,ut7Vai8Qu
KeithEFujita@jourrapide.com,Compled,aing4Ifaic
MichaelJHibbler@superrito.com,Twell1935,feo7caeThe
LindaCTerry@einrot.com,Coctur,mai1Ooyahhoh
CruzTCable@gustr.com,Shosine,AaG9jie9Ah
MarilynSBeach@gustr.com,Oura2000,efunguDeb4o
FlorenceAGriffith@teleworm.us,Wouturairim,vaiLah9b
ColleenGNakamura@armyspy.com,Beeted,aChoah1ei
AubreyEMarquez@dayrep.com,Beres1940,thieSeeCh0t
JuanSHough@cuvox.de,Drund1965,Theefeof4
BrentLAllen@dayrep.com,Stors1940,aeMoow5veiK
GeorgeSGrace@gustr.com,Marfes,oox8pieCai
DarylSMartin@fleckens.hu,Usind1990,ohri0aeZoo2
ShellyWKleinschmidt@armyspy.com,Milughtly1957,IelahTav1ie
KathleenDMalone@gustr.com,Wastrame,Ohsh8aih
RosarioGReed@gustr.com,Arager1979,quaG5punie
TiffanyBMorris@teleworm.us,Shosilen,OoB8sopai
FlorenceJWilliams@armyspy.com,Theethem,sahPhas4
JessicaRTorres@fleckens.hu,Watelt1947,Nux4sievee
KathyMSorensen@einrot.com,Reptit,being1Pham
KennethDDurbin@gustr.com,Coliould,aD2oox3ai
TonyBCantwell@armyspy.com,Hadyinst,vot0Baizu
AngieRBarnes@rhyta.com,Brablessed,aeHuz1aiph
CindyPTall@dayrep.com,Powitimery,qui8Heiqu
CarolineWBatchelder@armyspy.com,Hase1953,In5naekohth
JohnJGiddens@armyspy.com,Glany1951,weetie5Rohg
NancyBJackson@cuvox.de,Hatioubjece69,iFug7XaiYah
BradleyTAllen@cuvox.de,Pursee62,quohqu8Eif
ThomasMCotta@jourrapide.com,Ourne1975,Boegae8it4
PeterDPelletier@superrito.com,Shim1957,aib7Cai3
ScottTCook@jourrapide.com,Goold1970,aex5hieVah
JoseMVasquez@armyspy.com,Facce1970,aeKohy7qu
RandyEJackson@gustr.com,Prighted,Yoo8iemee
MoniqueESanabria@jourrapide.com,Tapeon,Pheitie3
PearlRMuhammad@gustr.com,Witill,uiPh8dai2ai
RebeccaFPhillips@superrito.com,Beive1979,eegei1ZieG
BryanCSmiley@rhyta.com,Expeat50,kohZoh2arah
ThomasSBeard@jourrapide.com,Sheauselike,bo4oc4Ahcai
CharlesCWright@rhyta.com,Forridgen,ueFi2phara
MargieAPina@teleworm.us,Tand1983,vohthuMa2
SandyGSmallwood@armyspy.com,Sund1980,ooka0Poh
GloriaJStrickland@armyspy.com,Seepince,Chai8zooj
HeatherDWilcox@gustr.com,Chatthould,xie6Ithai
DianeJKennedy@superrito.com,Intim1965,AshauNg4hai
MariaSHenson@fleckens.hu,Diden1974,juegh3Jeer
MichaelKRobinson@teleworm.us,Fromen,aiKoxieFoa9
ShelaCCardenas@jourrapide.com,Tameat,tuJoo9xee
DonaldJWilkins@teleworm.us,Yousiside,ahJoG2shoish
DavidLSteinberg@fleckens.hu,Anycomentome,uFeiM6Pain
DarrellSCondrey@gustr.com,Mayes1946,Aep1eedai
ChristopherMHeadrick@jourrapide.com,Jent1993,ceik9keer7Ai
GeraldineBBelton@armyspy.com,Thely1938,te9Choo6ae
JoseTFoster@teleworm.us,Foused,zeephooV2To
KennethCBaillie@superrito.com,Andle1968,biemoaTh5
TerranceWGonzalez@superrito.com,Intinted,Cio0Mom3T
RobertSLessard@einrot.com,Notholow,ooziaH1ahf0
NinaLCox@einrot.com,Beess1999,pahF6eipha
EricMWilliamson@superrito.com,Proome,ezohr9Baigh
DorothyPMorris@superrito.com,Deach1973,Ahei5aingie
AndrewCRobinson@cuvox.de,Didet1980,eiSee2AhX3
TracyLBrooks@rhyta.com,Reshe1969,Jai4yeh1ch
CharlesMBoer@dayrep.com,Sibrody,yioC9shae
RitaMDixon@gustr.com,Havendecked51,eeToh1Wah0d
HelenRHernandez@teleworm.us,Myrand1949,Ohg4jeipo4
ArthurVMartin@jourrapide.com,Theacess,AmoP2Jaen
CharlesLPerras@jourrapide.com,Nonsing1947,quahX5xei
EllisLParish@jourrapide.com,Nere1956,aing7WeaJ9i
ArdisSHead@fleckens.hu,Thench97,IeBu2thieQu
HowardABennett@armyspy.com,Shemas75,WeiKah5ah
WilmerPRitchie@fleckens.hu,Coand1976,phahqu4Th
MichaelJCathey@jourrapide.com,Sairch,Eik3fiec
JoseRFord@superrito.com,Frect1935,aiBahh6jiez
SusanRReilly@cuvox.de,Landeat94,Il8aiquah
JamesFAdams@gustr.com,Mortherat,WieNgahn0
AndrewPWallace@armyspy.com,Insearruckin,eishoo4C
StevenGIbrahim@armyspy.com,Themnioncy,na0Iek8Ehee
GraceTCole@teleworm.us,Faren1985,vee7oNgi
FannyRCampbell@jourrapide.com,Difistrunde,OeT8toor
CortneyLShope@cuvox.de,Rearld,pu7oo0Zeufo
GeorgeWMcBride@einrot.com,Sionquitty,ieph1dohSh
FranciscoTHardage@fleckens.hu,Buthent1983,gaenge7C
DianaAKelly@fleckens.hu,Mostoperly,no4ohch8Ta1
EthelFDilworth@superrito.com,Wendone,uS4ooh6kei
KellySGrice@einrot.com,Expries,yah5mahBied
AlejandroVHickman@armyspy.com,Therling,vaaF9ooyohz
FabianARumph@superrito.com,Greaughts,eeh2eiVi6c
BobbyVDean@cuvox.de,Dever1956,zaiF3caeB5H
EstherMWalden@teleworm.us,Dumbet,Aobefa8ae
JohnMHess@armyspy.com,Fortudieved,aey5Cooy3
TheodoreAMills@dayrep.com,Gintre,Ohgohghoo4th
KimberlyMRobertson@dayrep.com,Waso1995,Teed7hooS
AmandaRJesus@jourrapide.com,Antene,jajiew1AiG1d
JeremyJHodge@gustr.com,Inglast,Ichee4hoh
CynthiaTNewman@fleckens.hu,Thistrank1935,xaa5Phid6
DavidSMelendy@einrot.com,Farmay,faehas7Iew
RoseMBreaux@jourrapide.com,Youndected,Ohs2uugo8
TaraFPatterson@fleckens.hu,Frouleem,Za7siabohng
ChristopherCFry@cuvox.de,Sames1938,Oe8ahwauz
EdwardAChambliss@einrot.com,Arring,ruWi2oazaeC
NicoleJMarrero@superrito.com,Hationts,aic7yeiWoh
RichardDHart@jourrapide.com,Garlercurch1969,phiTao2hieph
EricNStone@superrito.com,Upor1965,quoh7AeL4do
DallasRWadley@gustr.com,Quiefurn,thi9Iqu4
ArdenPDavis@teleworm.us,Forgon,Niediew0ai
AnneJRexroad@fleckens.hu,Sagmes,nai0shei9X
MarkDOrtega@superrito.com,Inattleaces,IoyeG1zai
MichaelSColby@einrot.com,Coltoldest,zut6Eemahri
JohnDMoultrie@gustr.com,Yousuponchis,tie8yiqu0oC
RobertMHarper@teleworm.us,Anover,Eephiepee8U
GrantAAndrews@superrito.com,Burnournswes,raibah4I
BarbaraLMorris@fleckens.hu,Whouses69,Phew4Mai
JohnKJohnson@dayrep.com,Bestione,theip9naeJ
KylieDHuffman@superrito.com,Ried1938,Aepah2thai
StephanieRKling@jourrapide.com,Roak1963,uh7ieZ1g
PatJParker@teleworm.us,Yousintor,Kue9eed7p
MariaMBetts@superrito.com,Goords,Kee8mechei
JulieGStern@teleworm.us,Bask1933,Hah5Eur7oh
ByronEAlcantar@gustr.com,Iltive,chaD9eish0Ei
CharlesMByers@cuvox.de,Thiletwed,aoP3aighee
GaryRRadcliff@superrito.com,Whistract,duza3Shoo
ColinDKennedy@dayrep.com,Evies1949,AhPh1EiGh1
SarahSBrothers@dayrep.com,Salmor,quuLoh7Eif
PatriciaGParker@jourrapide.com,Cone1961,aedoh2Eifo
BeverlyMStorey@einrot.com,Chred1946,iedahX0auth
MarkMFleming@teleworm.us,Hansuothe99,Jae1bee9N
BrianMMinor@rhyta.com,Carold1974,ahyeim5Ahh
EdnaKWetzel@einrot.com,Weververnly,tah2Ooch
AliceHRivera@rhyta.com,Everead,aePhae0ae
RogelioLPrice@jourrapide.com,Thispered,eSh3wa0j
SamuelRGriffin@rhyta.com,Witiou,OoTheCohSei4
OscarSCervantez@teleworm.us,Pegare,ia8ouneiHai
JuanitaCDiaz@einrot.com,Seved1974,aiGie1oobee
MichaelSSegal@dayrep.com,Matureaus54,izae6eBoo
DomingoCFeuerstein@gustr.com,Obeft1994,IdaePha1
AlysiaJHuntley@gustr.com,Catelleaden,EijieShoh1Y
SalvadorECannon@jourrapide.com,Wesse1940,Shoo8Pheehai
ChristineGGleason@dayrep.com,Wayer1998,ahC3aephah
AnnWGoetz@fleckens.hu,Afencen,buM0quaekah
JaneGWard@teleworm.us,Bobbles,Ou4Zeesoep
MichaelDRodriguez@jourrapide.com,Nable1961,gie8Oa9e
WilliamJMarshall@dayrep.com,Millopeat,Uvah7ahb9ae
ChristopherLCarrozza@gustr.com,Morget,eeMai6sa
SusanJFleming@armyspy.com,Randiall,oGich9Lie
JoeyEHanna@dayrep.com,Corsoodualf,ad6einaiK
HenryDHarris@cuvox.de,Buls1984,ooKuo8Eish
KennethLTillison@superrito.com,Heand1975,aiH7Wuh4
ThomasMFrancisco@rhyta.com,Actow1954,eiwai9Thie
AndrewEBell@armyspy.com,Cown1981,ieTh6eiwoo
KathleenMSerrano@armyspy.com,Thiscrund,cusee4Eiziej
ScottBMilam@jourrapide.com,Sittoss,sei3Phahp
RobertJManuel@superrito.com,Aborted1990,piwoom8GeeG
LutherRSandoval@einrot.com,Anater,kuWi1eNo
GlennaDDavis@superrito.com,Womed1986,ing1aej8aY
PrestonDCopeland@cuvox.de,Ablay1949,Kie5eequ6a
ThomasBDodd@cuvox.de,Usdeouster,ahr8vuzohQu
AlvinSLambert@fleckens.hu,Pludiam1992,kaeMein1Jae
FrankMArwood@superrito.com,Wasseen,og2Gu9eighi
EdwardSFreese@superrito.com,Suppris,iujoh4quaiSh
WilliamEBiondi@einrot.com,Odevidis,Fee7Ti6Ech
JenniferTSanders@fleckens.hu,Esethe,daic5weiThoo
DarwinCKilmer@teleworm.us,Hicandre,AepohXive6
PaulCJones@dayrep.com,Hateld1984,ohngeeme6Ak
BillyPUsry@teleworm.us,Hicieven,Uko0ei5she7oh
FreddieTWeston@superrito.com,Therk1976,Gei7oe0eeT
JosephJOrr@dayrep.com,Factly,ib1OGhi8gee
KennethRWilson@einrot.com,Alludy,sai8ahJ6e
AimeeJBratton@einrot.com,Prominted62,awiNen5Iepoo
LesleyAHash@jourrapide.com,Wasonever,Oom0Oocang
PatrickBFowler@superrito.com,Amehionark,jaishohB6eich
KarenPWilson@einrot.com,Ciallinall,Vaeg8iey
RogerBHearn@jourrapide.com,Oura1988,Boh9mieThu
SaraBCastro@rhyta.com,Chust1949,eJei9ea7oong
BradVLee@gustr.com,Sarued,zohSahRe9b
SandyDCurran@einrot.com,Ramie1957,ooj6iirooMue
JeffSLopez@fleckens.hu,Scred1937,Je3Faiphi
JohnnyBJohnson@dayrep.com,Onapt1935,Einah3phia
ThomasHTaylor@jourrapide.com,Houldid,quejooV3fah
StephanieRLiberty@fleckens.hu,Primuch,Xo3loh3Nai3g
BarbaraRMcMillan@einrot.com,Thabould,xailuta6sheaCh
PedroTLipscomb@dayrep.com,Thathis77,eiX3uph9
KennethSScott@armyspy.com,Dreak1967,aiz1eeQui
MatthewHNorwood@jourrapide.com,Imselity,Pai1aequei
ToddRChen@teleworm.us,Fortherry,phaic7je1To
MarianneFAmburgey@dayrep.com,Havesel,ooCei0Aw
JohnSSaxon@superrito.com,Suarrover,kohTh1aak4
GeorgeJWentz@teleworm.us,Wournig,ohgai8Ooy1ei
TheodoreCSanchez@teleworm.us,Mycou1994,ohsieGi8Uzai
FrederickGMedellin@dayrep.com,Saway1974,Oopoyuo6
SandraJJensen@cuvox.de,Kied1990,Ofeigoaphod8
LindaEMorrow@cuvox.de,Sperwit,UpaiShae1zei
JamesLCarnahan@rhyta.com,Dowanceares,xahkim9E
ColinNTalamantes@jourrapide.com,Esincer,reaY9av6ah
VincentMGonzales@dayrep.com,Couser,eiT5maDei
GertrudeDKeeney@einrot.com,Andoncentich,biejief2Je6
LisaMTong@superrito.com,Entand,un8meGoec
JuanAParsons@dayrep.com,Beyes1983,weiXua1Phai
BrettCKearney@jourrapide.com,Rinstall,Oomieshegh5ee
PaulJMurdock@teleworm.us,Forgartan,ieziuBoo6Uw
RaymondAArbogast@gustr.com,Heigher,geraiK6ey7
RobinSShepherd@teleworm.us,Sherearter,Phei2aigo
MarthaCPoss@superrito.com,Hiron1937,Oono2oosa
CarolVBell@fleckens.hu,Schis1995,Ha9eeZ6d
YoungTMcCarty@gustr.com,Blene1944,Lui0iYah9r
ArianaRSummers@gustr.com,Samoke1963,eehie0iabuoG
DorothyRMcNeal@einrot.com,Spicionly,oef7ahXiosh
FayeTGarcia@superrito.com,Wommant,eThe2voofu
MelanieESwinford@einrot.com,Figh1951,aoJie6APhai
ThelmaMRoyal@cuvox.de,Granxis,Po8iehee
JohnSParker@fleckens.hu,Hoply1949,ooNu9Phooch
LarryJBaldwin@armyspy.com,Lenevers1967,eipoNohh0
MathewKSawyer@einrot.com,Comn1972,Tai2daixoh
EmilyGManey@rhyta.com,Himiland,fe6Choo3va
TravisABurgess@jourrapide.com,Woodyeal,ahQui2mee
SherryCCorcoran@einrot.com,Muchat,ooch7Ohchie
BarryKZiemer@jourrapide.com,Coubjecruir,vou4atahw3Qu
BradleyMRock@armyspy.com,Thatese,eaC8pu1ohtai
HazelJDicks@cuvox.de,Therrown1998,xie6Uhoh5e
MaryRAlvarez@superrito.com,Treared45,WieD2cah
PaulaLJoyce@jourrapide.com,Squitter,een5Jiivai2
RuthERaines@rhyta.com,Arearomad,sheuPh8oh
HenryJWells@teleworm.us,Ineir1944,ReiXah5voo
RuthVTroutman@rhyta.com,Gread1950,luili9oR
JamesKTurner@armyspy.com,Tures1990,cood6vu1ooTh
BruceEJenkins@gustr.com,Uselly41,ahNg7niesh
DouglasNRogers@jourrapide.com,Striguaide,Ohsi0IeGhie
WilliamPHuddleston@teleworm.us,Felsou,Riig9heth1b
WilliamKMcNeill@dayrep.com,Porninexpent87,vaezeiGha7z
GeorgiaJFeliz@einrot.com,Thavinity,Ahne8ee2U
MargaretMCantrell@superrito.com,Salict1934,Li4eeph6
AngelaCMartinez@dayrep.com,Parme1991,eeweiGee2
ElisabethSStevenson@dayrep.com,Ence1934,eingoo5Oet
HenryNBond@superrito.com,Yeatcheed,aJ6bix5Aen
BrookeJHildebrand@einrot.com,Witurnpled1991,feaGei8ii
BariHHayden@armyspy.com,Noter1935,kaiN3jeki8oo
JoanneJSinger@teleworm.us,Romay1936,pahW4IeriaC
JanetCBlair@superrito.com,Nincen,phah0Aht7vae
SaraDChoudhury@superrito.com,Marrin,Cietav2xaNa
AlvinADahl@cuvox.de,Samende,aeJ2iGeer4ph
JosephineCCarter@cuvox.de,Rusequithe,Na2ief2hau9
MigdaliaJPomeroy@dayrep.com,Postre,eefaa5tho3Ie
LatanyaPPrice@jourrapide.com,Herm1961,eeweiliuz9J
JuanSHuling@armyspy.com,Freardly,ethe8oTa
LonnieADas@cuvox.de,Awfus1935,FieToo9oh
RoyVLund@gustr.com,Pritand,iz9Xoo9Nae
BeatriceTDooley@rhyta.com,Whingle,wai6Ahzoob
MiriamBBroom@dayrep.com,Andoulte,xe4Foaqu
WilliamKBagby@fleckens.hu,Thuntelf,kohD6gah
KathrynRDiaz@rhyta.com,Cusion60,Tee7Quahch
ElizabethMSmith@teleworm.us,Pothumlect,ohph1EiZei6
SandraCWelker@fleckens.hu,Lifisselibee,PaiRev0oogh
JonathanJReyes@fleckens.hu,Sument,you4fuaRei
BernardVDawley@armyspy.com,Butragreake1986,raesh1Joh
JamesAScarbrough@gustr.com,Alliat,polai7faYup
ShawnKMarino@rhyta.com,Flarapt,thei0aeNah
AmberRLloyd@dayrep.com,Mottly,uphah1Icu4
AlexanderHDavis@jourrapide.com,Dever1972,boh5weiC4
KathyCJohnson@superrito.com,Laisslange,teish1Faes1qu
GloriaDSanders@fleckens.hu,Sweaver,Safang5s
HerbertWBell@jourrapide.com,Makest,ut8Aithoog
JesusVAyala@teleworm.us,Arps1962,thuR4Phah9f
JohnRMoore@fleckens.hu,Baccough,Zei1kaibicho
GlendaLDicks@fleckens.hu,Witheniand,yeiNgah3qu
EarleDJustus@armyspy.com,Donvill,Mah5Fohsh
JohnGSager@armyspy.com,Trudy1944,oi3Pah5Ee
MatthewMHayes@jourrapide.com,Nohnerhed,Oushei7a
ManuelCKamps@jourrapide.com,Facquale,feeDahtaon1
SallieHBruni@einrot.com,Monvill74,iesh1OoJaic
WillieTGrady@armyspy.com,Wasce1946,phi2Phu0aegh
MichelleKAmato@fleckens.hu,Wounieve47,yeu1IeCh
EarnestCSchlemmer@teleworm.us,Neshe1975,ohghief5ooWa
ArthurPFortier@fleckens.hu,Blity1949,ohL0xeegoo
GuyBButler@armyspy.com,Coftese,Ahlohk7exee
PatrickSWatkins@cuvox.de,Bralow,meeph6Aig
SherryRTeston@rhyta.com,Fortiong81,eivoow2Ei
WilliamJLewis@cuvox.de,Thaves,Iwohmuxae7ch
LarryGMeyers@gustr.com,Tuporat,juyahv7Ai
DonnaWMartinez@dayrep.com,Arefirle,Inu3mieZ
MarieCAdams@fleckens.hu,Alitill71,RieZ9zien
CourtneyJHoward@gustr.com,Trive1975,biaJifai7o
StephenTWhite@fleckens.hu,Wasere,re5vaiToevoh
MonicaHHughes@fleckens.hu,Besperstoont,aaN9vai0Phid
DavidJWilson@einrot.com,Havesked,paeKiev1v
DonaldMSaladin@superrito.com,Almight79,Aicio8tie
LuisMNielsen@rhyta.com,Xand1942,ohLia4AhQu2
VirginiaEMcDaniel@superrito.com,Hathat,ahNg1yapoh3
LindaKLiggins@teleworm.us,Saineve,Caeg5Hoovie
LaurenceRRue@cuvox.de,Dights,eip4haiyiM
MartinJSmith@einrot.com,Formened62,eiJuis7xuyo
MandyWLewis@cuvox.de,Hosturnelf,fai2Noo0
LawrenceAFrank@jourrapide.com,Prots1974,aesaeBei4
JoshuaSJorgensen@teleworm.us,Incent,Wi1ave7p
MaxRWashington@rhyta.com,Poilto,Udae5Echiew0
VirginiaJWilkinson@fleckens.hu,Theaut,eiwiemu2We
AmyDMobley@dayrep.com,Crigoithave,ooYaig9ee
DonCOrtega@armyspy.com,Ablad1980,aekai0Eiwie
PatriciaDGraham@jourrapide.com,Hathingthe,iosaeF8ahvae
JuneBSato@armyspy.com,Lactold,ohc6aiD5Ph
StevePMoore@cuvox.de,Grayoucand,cohZu2UcioN
GregoryJKnox@rhyta.com,Olittiony,iRai0vu3Bee
RebeccaBWelsh@jourrapide.com,Joincte,aex2Eh9Th
LorraineFLee@cuvox.de,Forel1987,quae7reXooc
LizzieDClements@cuvox.de,Notheeptist,OoF4Kumeevo
StevenJSims@cuvox.de,Hicis1952,xo9oom3Io
WilliamRArmwood@cuvox.de,Onsch1959,aik3oot1Ie
ScottVSmith@fleckens.hu,Baccupon49,choo1iCoo6
EulaliaLHutcherson@superrito.com,Frenjudipt,uudiem3Ai
MaryJBell@teleworm.us,Speausell,quaiC8ohqu
DorothyANewman@gustr.com,Pood1989,Vaechaer1eeG
WillieDWitt@jourrapide.com,Doneshearn,Aze6mieTh
GailTCobb@jourrapide.com,Whilly,Midiyah7dai
MamieMPadilla@teleworm.us,Tollove,ooPh3Cuph
ChristopherBSullivan@cuvox.de,Brold1952,Oet4eigae
GregoryAHodgin@dayrep.com,Magery,Eecaes9ae
DennisKClay@gustr.com,Itak1977,eiKachui2
AmyEDavis@gustr.com,Thoured,sooL6chahx
KennethFPaige@armyspy.com,Fames1961,Uu3aiquei
TaraMGlenn@armyspy.com,Interede97,Voophe1vo
RusselPWells@jourrapide.com,Suslefor,Aiv0Shaen
MatthewAJones@dayrep.com,Righ1982,Ohqu3Aigh
PatJTurek@superrito.com,Docklinew80,ahPo5mai2e
RubieFBeal@gustr.com,Theyeacest,aeQuumooj6
MandiDMeyer@teleworm.us,Whost1973,Nequah2lei
CollinADurkin@teleworm.us,Thosinglone64,kaiL8ae7
SheriseROliver@gustr.com,Thourn,boh1Gai2pe
AnnaJRodriguez@jourrapide.com,Stinin35,EG3thohgh5
ThuyWMooney@armyspy.com,Sall1986,gaez0airohL
BruceEDeutsch@rhyta.com,Sonly1968,iW6eey5Ai
TiffanyWKirst@armyspy.com,Hamened,thax2veNee
LucyAMay@teleworm.us,Thoulluse,Coa4phae6
SheliaLMurdock@einrot.com,Handeall1996,mi5taRee
HerschelSOsborne@dayrep.com,Romard,ohoo6Waes6ie
BonnieJKing@dayrep.com,Welifer40,iephuL9n
SherryKWolfe@armyspy.com,Hadel1956,ougo8Veith6
ClaireDDelbosque@armyspy.com,Rourad,aHaevei7oj3sh
NicoleCFrazier@fleckens.hu,Candepoccus,UoF2aep4Vee
DavidLPolen@cuvox.de,Afteper,dahZoot8n
JeffHBarrera@superrito.com,Hentrachim,niesha7uJ4oh
LeonaTMoore@cuvox.de,Vainhaver,ahpie2Yaph
MichaelMKeaton@einrot.com,Reet1974,nohN3eiSh
ReneeGDiaz@fleckens.hu,Lience,ATh7ap0aib
TamiCElem@superrito.com,Coure1955,lahNgur1
JayLBass@dayrep.com,Spen1995,eiTech9yoC0
GoldieJMohn@armyspy.com,Uppong,Ieru9cietaach
ClaraMGarcia@dayrep.com,Marrown,jaiDov4e
RobertJMeadows@fleckens.hu,Vaunparly,loh8Eejoh2
OdessaENichols@superrito.com,Therts,aZ6yaoquatee
JeanetteMSemmes@superrito.com,Intim1985,iPa3aeB6T
KrystalCRadley@dayrep.com,Fetwerivid,ootae2jaP
PaulMBartlett@einrot.com,Muctlandly1982,ohghieSae6
DennisEMerritt@rhyta.com,Pood1939,Shok2eexeesh
AngelaFIsbell@dayrep.com,Witir1993,xieph2Ae
JeremyOBrown@fleckens.hu,Thomenor,yah5Oveu7
PatrickNBlackford@dayrep.com,Mindighisent,Ab4ohngeigh
BrianCPatton@dayrep.com,Giat1963,zaukoJ3zi
AnthonyJKing@fleckens.hu,Unwid1950,vae5Vohdea
ChristineJGilson@dayrep.com,Clarm1974,Aing7chud9ph
AnnieDMiller@rhyta.com,Posid1946,efahLai0ei
TimJKingery@fleckens.hu,Mattlaticame,no8ke5aiz4Ie
SheldonTSorrells@superrito.com,Angth1989,he8phae6Ch
GeorgiaRCaldwell@einrot.com,Subjecall,vee7oxaiL6
CindySMcMillan@dayrep.com,Beatee67,quaYu2hei
JosephBWilliamson@superrito.com,Feemphynead,pheiXoo4ohf
PatriciaGPatterson@teleworm.us,Quital42,haicheer2M
DanielSRobinson@superrito.com,Coully,jeeDeimo0oh
DavidESchafer@teleworm.us,Prieture,Mezoodee6
MaryRBuchanan@gustr.com,Riney1945,Doo0iSiphoh
LucileRBeers@rhyta.com,Evereligh,Rox5ieKoh
RobertVHawke@superrito.com,Yourairld1991,ka3Kooquu7
HaroldFDuffey@dayrep.com,Disid1991,ahy3Keeyoh
JosephAJackson@jourrapide.com,Notheire,ohFo6Shie
AlanLReese@jourrapide.com,Houble,hei6Ieng
CandiceZPalm@rhyta.com,Liche1948,OeThoo1naiqu
RaulDSmith@cuvox.de,Pary1953,oamaefoh4Y
ThomasLHatcher@armyspy.com,Abinced,aequuW5queng
JessicaCErhart@superrito.com,Texed1987,CheeF0osh
RobertLQuinn@fleckens.hu,Absect,poh4Hootai6
MargyJOrtiz@fleckens.hu,Suble1939,iev3eedeCh
JohnNGibson@cuvox.de,Herivink,eic5DaeQu
RandyLForrest@einrot.com,Whisted,beiseija3Bu
GarySBrewer@einrot.com,Heen1961,Pey6Shaiy
KathiKGarcia@einrot.com,Eurgentlem,Shoo8sae
MaggieARichard@jourrapide.com,Orrid1940,Zaebiesh4oB3
ErinGBryson@teleworm.us,Cank1964,aTohfee2ah
GaryBTravis@gustr.com,Inack1986,Ohvei9aiCh
PaulKOutlaw@cuvox.de,Hadis1996,aedoophaew6Ei
GregKBoucher@jourrapide.com,Fleapid,thubai4EeP
WilmaAWatts@gustr.com,Ficuthe,uHo0hah3
DianeKWeathersby@einrot.com,Sall1966,viaseim4Ook
ShellieRAlarcon@fleckens.hu,Knotnint,Poh7afai8b
NancyLMcClain@einrot.com,Trainge,aiPh7fi4a
AnthonyAFritz@einrot.com,Postard,Shoog0ba8
CarmenJDoctor@dayrep.com,Leake1980,Ohsh9wah7Jai4
AngeloDBrown@cuvox.de,Rambeens1947,eaqu6Ziezi
WilliamAHicks@jourrapide.com,Hadmithe,veiYefaew9u
BeverlyRVandervort@armyspy.com,Thatepat1934,MaiG3beig1
ClaraSDock@cuvox.de,Alateve,ifooziiP2
JimmyJEddington@dayrep.com,Bardecome,quezaaM8s
RichardCDavidson@gustr.com,Conce1990,EeTh3einoh
ChristopherTVega@jourrapide.com,Speakne1936,ieKif6Qu
IvanNStout@teleworm.us,Sentort,que4hohGae
TanyaJTovar@jourrapide.com,Hooss1975,aPhie4uz4ah
SarahBFrench@rhyta.com,Thesen,ieV6ahVe6
JosephSParadise@dayrep.com,Subjecall,guf4IequuuPh
DerrickHMcConnell@cuvox.de,Conly1960,nohl6AhD
TonyAGadbois@einrot.com,Chemb1946,ahfug8IeTia
AnnetteDNash@jourrapide.com,Reamom,jee0liosooCh
KarlCMorgan@superrito.com,Rancelf,diJ4Haeboh
JosephMButtars@superrito.com,Firy1987,PhanuP0ogh
RossDVernon@fleckens.hu,Quil1944,Iep9jaip
JackieCLong@dayrep.com,Whest1981,Eezocook9h
JudyGDixon@gustr.com,Fricked,ueF6Aipa8Oo
GarrettNBaer@gustr.com,Thencass85,hi6aefeiCh
JoaquinDHigdon@rhyta.com,Thang1970,AeC0eimai
MylesKMessina@superrito.com,Betaletted1971,Paeka4hai
KennethRHigh@einrot.com,Mazintim,eeng6Iem
NinaPKinney@cuvox.de,Martramed,ahb0ohThuo
KarenWFuentes@jourrapide.com,Whowerromed1975,ue9Eet6ae
LawrenceDTyson@dayrep.com,Dentoory,Athae2Nah
ChrystalFCannady@teleworm.us,Hersten,Rahmee7ei7a
SaranMBanks@gustr.com,Whoint,Jaziem6M
NancyJWilson@jourrapide.com,Icund1982,Eiteivach5
RitaAHubbard@jourrapide.com,Themn1980,ahB0saiD
MelindaSChristianson@armyspy.com,Somint,Gaerah5eesh
HelenPHicks@armyspy.com,Priariver,Eici3iengiis
LisaSMosher@superrito.com,Withemareepe,ohL9aeyu3
JoanDWilson@teleworm.us,Asord1937,aeV2oop9too
KenyaJTucker@gustr.com,Revillon,aiz3Kikei
AdamCHarrison@superrito.com,Woustravight,aiSood9ch
DennisBShelley@fleckens.hu,Illudge,uang3Kai7vue
FredJPaul@teleworm.us,Himir1987,ac2Pheeyoh
BerniceCWalker@superrito.com,Burneatim,fah8Ahwoh
HarryASindelar@dayrep.com,Cambactint,Soongee0kie
MelissaCWhitfield@fleckens.hu,Ligger,aBaZ6Aedoo
GeorgeBJimenez@gustr.com,Rhat1950,phahxuKu5hoo
ChristinaMStewart@einrot.com,Therval,ciShie5yeV
TammyHBosworth@rhyta.com,Onfordonce,oiPuu2pha
VincentVPurcell@cuvox.de,Howly1977,Aigae4Ohbi
LisaTBelisle@einrot.com,Theethem71,uvukix8aiC
ErinJDavies@teleworm.us,Twereen,goo3ze2eiSh
HelenGLackey@armyspy.com,Sweas1961,reizie9Voh
ChristineJThompson@dayrep.com,Tendought,vaeShosh5
MichelleJMartin@superrito.com,Alitch,uiPh3voal
NancyPGarza@rhyta.com,Ruital,Ahwahboh0Ie
JaniceSCampbell@fleckens.hu,Nuied1966,ooVohz1eeng
RikkiRFoster@jourrapide.com,Vatimphady,ujahch6Eok4
KrisKDavila@einrot.com,Wict1998,ohT9Ahtinae
MaxRTenney@cuvox.de,Newo1939,ahtoo4yie8Ee
LeannJWebb@superrito.com,Gover1936,OoyahB4fah7
JosephCShaw@fleckens.hu,Gran1964,foo0Yi9Oh
BradyDCostello@armyspy.com,Sathect,Aeshach6
KyongCCarrillo@fleckens.hu,Shamortaiss,zeeS8Ap7oh
DonaldLFrank@einrot.com,Reech1938,Uoy7ohn7ba7
PamelaFMcLean@dayrep.com,Lice1949,zeechae2I
RosieCHeise@fleckens.hu,Othopel1967,useix0Bei8
AngelaKHulett@cuvox.de,Pribles72,eichuugo8Od
MarylouSLin@rhyta.com,Whosent,liNoo0eim
RondaBTreadway@dayrep.com,Ourecente,aeGh8iefu8h
MarkECarter@armyspy.com,Fistappe,aekohkoo5E
RobertaKBoyle@fleckens.hu,Youltas,aiz3eez9Auqu
JamesMFarmer@dayrep.com,Dentry,Ucae0lohmaij
GeorgeJJackson@rhyta.com,Bartaid,sheneCh9t
JeffreyCBrown@teleworm.us,Theyind,ur0ahShei
AlfredHSanchez@cuvox.de,Drationotled,phei7Thoo8g
IlaDWhite@einrot.com,Nany1957,uCoul4ahngoh
KristinMBarros@fleckens.hu,Seentrusted,ohVoh5ei
RichardEManes@teleworm.us,Dowast,Ahp2phu8air
NatashaRLyon@einrot.com,Solkill,ce7euHee
KathyJKondo@teleworm.us,Exte1940,cihosee0AK
AliceDGarza@teleworm.us,Thateld35,kaeMi9Quugh
RonnieGCooksey@teleworm.us,Mandear,Eichah4Ush1
LibbyJJohnson@einrot.com,Cationg,vojei7eeSoi
SheliaJBoyd@fleckens.hu,Theyeacest1957,nohngu2A
JimDAbner@armyspy.com,Faidle,OPhii1oot8
ArlineDEames@jourrapide.com,Lighly,Iew3iingeic
MarcieCGreen@fleckens.hu,Blocared,PheQu0ad
WayneBSwain@cuvox.de,Buffecaper,Uo3naphie
RoyPBudge@dayrep.com,Stalithe,aishie0Sai